id,first_release_date,name,rating,rating_count,total_rating,total_rating_count
111,1283904000,Amnesia: The Dark Descent,77.95333920297041,523.0,83.47666960148521,525.0
232,942192000,Half-Life: Opposing Force,79.91431228594388,386.0,74.95715614297194,387.0
527,1321920000,Serious Sam 3: BFE,69.98346166723435,172.0,70.40839750028384,178.0
576,1294704000,DC Universe Online,63.25900159306133,65.0,68.48664365367353,72.0
787,1128988800,Serious Sam II,71.57033256763481,182.0,74.95183295048406,185.0
885,1287532800,Super Meat Boy,82.54032107210338,819.0,83.89516053605169,823.0
1331,1279670400,Limbo,81.06128882010171,1561.0,82.53064441005085,1571.0
1334,1375833600,Brothers: A Tale of Two Sons,81.32912338645122,761.0,82.38331169322561,777.0
1335,1351555200,Natural Selection 2,77.84215548593593,30.0,81.42107774296797,32.0
1337,1348099200,Torchlight II,77.96211031069508,309.0,81.78874746303984,322.0
1338,1444089600,Prison Architect,75.53766089758946,188.0,78.30729198725626,200.0
1365,1522368000,AirMech,36.09392637622853,13.0,36.09392637622853,13.0
1381,1318896000,Payday: The Heist,69.98091000381328,145.0,71.24045500190664,149.0
1384,1350950400,Hotline Miami,83.0885357769466,1221.0,84.64426788847331,1231.0
1875,1141171200,Toribash,67.47327760915411,26.0,67.47327760915411,26.0
1879,1305504000,Terraria,82.45598409695157,989.0,81.72799204847578,1002.0
1882,1378771200,Amnesia: A Machine for Pigs,67.23332558225488,242.0,69.92916279112744,250.0
1907,1456358400,Grim Dawn,73.39948224513111,202.0,77.69974112256556,206.0
1910,1378252800,Outlast,77.1917288010899,674.0,77.18677349145403,685.0
1911,1382486400,Path of Exile,82.07996986204142,478.0,80.03998493102071,482.0
1983,1311120000,Bastion,82.51652090634842,740.0,86.38326045317422,748.0
1991,1334275200,Fez,81.2955952504785,445.0,83.39779762523925,457.0
2000,875059200,Postal,66.62700113186726,91.0,66.62700113186726,91.0
2002,1392681600,Banished,72.41452074583859,189.0,70.37392703958596,192.0
2025,1269993600,Mount & Blade: Warband,84.84432574037051,385.0,76.72216287018526,390.0
2042,1295913600,Magicka,72.08509431679735,202.0,70.79254715839868,204.0
2108,1368576000,Sanctum 2,69.9046636812786,46.0,74.9523318406393,47.0
2117,1544659200,DayZ,50.14998978611285,179.0,59.57499489305643,180.0
2126,1425945600,Hotline Miami 2: Wrong Number,78.4838932630186,443.0,74.89579278535545,456.0
2129,1346976000,Mark of the Ninja,84.46138909402242,307.0,87.94498026129693,314.0
2132,1317168000,The Binding of Isaac,79.43005959464338,413.0,81.46502979732169,415.0
2355,1317772800,Orcs Must Die!,70.91791010531968,109.0,78.58395505265983,113.0
2358,1350345600,Chivalry: Medieval Warfare,69.67722334418833,143.0,70.83861167209417,147.0
2480,1256601600,Torchlight,73.81567699670444,253.0,78.57450516501888,256.0
2599,1355097600,Game Dev Tycoon,75.10501339659815,326.0,77.55250669829908,327.0
2605,1364947200,BattleBlock Theater,77.15289020185354,201.0,83.21930224378391,208.0
2853,1217980800,Braid,84.93455733894933,597.0,85.80061200280801,600.0
2935,1375920000,"Papers, Please",81.39039486830164,697.0,81.89519743415082,702.0
2948,1350259200,Infestation: The New Beginning,30.88590317749424,18.0,30.88590317749424,18.0
2956,1203033600,Audiosurf,74.8731305380535,139.0,82.43656526902674,141.0
2990,1255651200,Machinarium,82.42519361909211,414.0,84.96259680954606,416.0
3019,1469145600,Starbound,71.4017036015005,226.0,79.40085180075025,231.0
3020,1374710400,Shadowrun Returns,75.45537449728943,181.0,73.97768724864471,189.0
3022,1400544000,Transistor,82.78844461533103,471.0,84.01922230766552,483.0
3029,1341360000,Spelunky,86.52477729289757,183.0,88.56238864644878,193.0
3035,1381968000,The Stanley Parable,83.84528121101201,973.0,86.172640605506,982.0
3043,1292371200,Dungeon Defenders,70.96889640099735,66.0,74.23444820049868,70.0
3070,1350604800,Euro Truck Simulator 2,78.17546609626481,394.0,82.8377330481324,396.0
3075,1347580800,FTL: Faster Than Light,83.63509835926145,412.0,86.21754917963072,417.0
3076,1351468800,Guns of Icarus Online,55.35461377926661,42.0,55.35461377926661,42.0
3084,1366848000,Cry of Fear,81.23085289397814,83.0,81.23085289397814,83.0
3102,1430092800,Kerbal Space Program,86.9623878397172,192.0,86.76690820557289,199.0
3109,1050278400,Postal 2,71.93833075335634,284.0,65.59416537667818,288.0
3152,1366675200,Don't Starve,75.96786613862045,377.0,77.26964735502452,384.0
3153,1219795200,Castle Crashers,77.76138392913158,324.0,78.25569196456578,327.0
3189,1383868800,Project Zomboid,82.36474776657485,197.0,82.36474776657485,197.0
3202,1417737600,Dungeon Defenders II,65.78870680962325,31.0,65.78870680962325,31.0
3210,1343088000,Star Conflict,77.96430416095245,9.0,77.96430416095245,9.0
3224,1391126400,Loadout,60.0597697652768,46.0,69.5298848826384,49.0
3225,1470700800,No Man's Sky,71.55864381268974,588.0,72.7003745379238,626.0
3239,1551312000,Space Engineers,66.08883275181333,56.0,73.04441637590666,57.0
3241,1376092800,Cookie Clicker,71.96348573110383,91.0,78.48174286555192,92.0
3277,1518048000,Rust,69.7161246632066,250.0,73.60806233160329,254.0
3278,1103846400,Garry's Mod,79.37807841340192,445.0,79.37807841340192,445.0
3772,1528934400,Wreckfest,72.66537571155585,126.0,75.2173032403933,139.0
5025,1320105600,To the Moon,81.6469586742279,452.0,82.18062219425681,459.0
5060,1344297600,Deponia,75.46069966254719,193.0,76.4803498312736,195.0
5319,1430956800,Project CARS,75.54386672335089,98.0,78.843361933104,112.0
5335,1396310400,Goat Simulator,54.01857575872476,294.0,53.05474242481692,305.0
5574,1721865600,7 Days to Die,69.32121882165417,200.0,52.72310941082709,208.0
5597,1418947200,Assetto Corsa,77.86815278652367,100.0,70.78407639326184,110.0
5601,1453766400,The Witness,82.09227624599646,505.0,85.21280478966489,517.0
5652,1396224000,Age of Wonders III,62.8898017901636,50.0,71.2449008950818,55.0
5922,1152576000,The Ship: Murder Party,60.37517322642522,25.0,69.9375866132126,27.0
5973,1444867200,Broforce,75.85446278656572,356.0,73.92723139328285,365.0
6005,1324252800,Kingdom Rush,73.85036634387427,107.0,74.42518317193714,108.0
6009,1445558400,Viscera Cleanup Detail,76.9504211084745,54.0,76.9504211084745,54.0
6044,1431388800,"Invisible, Inc.",76.31879747720211,71.0,80.95939873860105,81.0
6170,1436400000,The Red Solstice,60.0,4.0,60.0,4.0
6247,1246579200,Trine,76.23387900239719,301.0,80.83122521548431,308.0
6250,1323216000,Trine 2,76.61226932456385,275.0,80.80613466228192,284.0
6404,1382659200,Contagion,57.94757309566662,24.0,57.94757309566662,24.0
6653,1219968000,Euro Truck Simulator,65.92474995839522,49.0,65.92474995839522,49.0
6739,1583452800,Black Mesa,87.63523523127117,530.0,87.65095094896893,533.0
6748,1479427200,Killing Floor 2,72.84928761814976,165.0,76.80925919369027,178.0
7046,1597363200,Factorio,84.83463203814065,288.0,85.16731601907033,290.0
7205,1456358400,SuperHot,76.63768507072622,532.0,80.67995364647422,550.0
7211,1401235200,A Story About My Uncle,68.60667698590596,156.0,68.80333849295297,158.0
7386,1418256000,The Talos Principle,86.48570809335523,444.0,86.90952071334428,456.0
7420,1382486400,How to Survive,67.04205940486193,54.0,76.77102970243097,56.0
7435,1474588800,Heroes & Generals,56.88330311888577,48.0,56.88330311888577,48.0
7504,1525046400,The Forest,69.65496260458751,366.0,77.82748130229376,370.0
7555,1400630400,World of Guns: Gun Disassembly,65.87225492392542,14.0,65.87225492392542,14.0
7579,1390348800,Insurgency,74.87400860851204,132.0,72.43700430425602,133.0
7601,1442534400,Plague Inc: Evolved,77.37692296204825,157.0,78.68846148102412,160.0
7706,1415923200,This War of Mine,80.5131422111107,387.0,81.25657110555535,392.0
7709,1458000000,Salt and Sanctuary,80.44522656470592,114.0,82.82261328235296,124.0
7719,1366329600,Eador: Masters of the Broken World,49.91704606211825,11.0,49.91704606211825,11.0
7789,1415059200,The Binding of Isaac: Rebirth,87.73932004995851,532.0,91.36966002497925,534.0
7871,1503532800,Robocraft,67.39572261384383,37.0,67.39572261384383,37.0
7878,1499385600,Unturned,67.14134437381892,172.0,67.14134437381892,172.0
7886,1429747200,Crypt of the NecroDancer,76.85955275564766,163.0,82.37422082226827,172.0
7965,1433808000,Kholat,60.58137825231304,66.0,63.29068912615652,74.0
8036,1430179200,Verdun,61.24598429030733,32.0,59.37299214515367,38.0
8040,1290384000,Poker Night at the Inventory,69.1436206496685,49.0,69.1436206496685,49.0
8215,1520467200,Prismata,70.0,2.0,70.0,2.0
8347,1501545600,The Long Dark,76.38211481039802,185.0,79.19105740519902,190.0
8351,1433462400,Tabletop Simulator,82.10005806528793,106.0,82.10005806528793,106.0
8372,1343606400,Orcs Must Die! 2,75.63293094966058,107.0,78.9414654748303,111.0
8374,1345507200,Aeon Command,60.0,0.0,60.0,0.0
8427,1293667200,Cthulhu Saves the World,59.91967966967248,13.0,74.95983983483625,14.0
8429,1402099200,Dead Bits,29.59956383467763,11.0,29.59956383467763,11.0
8499,1407456000,Five Nights at Freddy's,64.87804681171002,170.0,68.27235673918835,173.0
8584,1198108800,Fistful of Frags,84.46315888325404,48.0,84.46315888325404,48.0
8678,1311552000,Defy Gravity,40.77508693396118,15.0,40.77508693396118,15.0
8701,1302220800,Dino D-Day,53.65081597249147,28.0,53.65081597249147,28.0
8751,1421971200,Stranded Deep,58.07076546263645,62.0,58.07076546263645,62.0
8792,1304380800,Mount & Blade: With Fire and Sword,69.74100691892409,56.0,74.87050345946204,57.0
8862,1404172800,Guacamelee! Super Turbo Championship Edition,80.67394130277245,124.0,83.50363731805288,130.0
8925,1423180800,Sunless Sea,76.25350891902636,80.0,80.62675445951318,84.0
8965,1453161600,Darkest Dungeon,81.70430841578543,430.0,82.40215420789272,440.0
8999,1395014400,Braveland,77.42985321549783,19.0,77.42985321549783,19.0
9047,1581984000,Besiege,79.07246132393728,74.0,82.03623066196863,75.0
9061,1506643200,Cuphead,84.58456838208414,862.0,85.7334606616303,879.0
9174,1493337600,Little Nightmares,80.8952001570946,697.0,79.30871118965842,715.0
9254,1516665600,Subnautica,83.63527555314698,563.0,83.77218323111894,574.0
9265,1301875200,Spiral Knights,61.66970591381209,30.0,56.33485295690605,31.0
9278,1410998400,Endless Legend,69.32076025051293,75.0,75.16038012525647,78.0
9280,1330473600,Wakfu,73.33695451465688,39.0,73.33695451465688,39.0
9418,1407283200,Back to Bed,66.32877244321561,33.0,69.1643862216078,34.0
9425,1334016000,Skullgirls,77.04088234731009,88.0,77.89544117365504,96.0
9495,1600819200,Squad,82.01116300526152,84.0,82.25558150263076,86.0
9527,1461024000,SpeedRunners,75.76090221468002,115.0,75.76090221468002,115.0
9531,1416355200,Gems of War,76.79314357182385,28.0,76.79314357182385,28.0
9591,1401408000,AdVenture Capitalist,62.43712535463737,120.0,66.21856267731869,121.0
9628,1272672000,Transformice,68.9777450536789,42.0,68.9777450536789,42.0
9634,1341360000,Endless Space,73.10568989553377,48.0,74.05284494776689,51.0
9658,1418601600,Town of Salem,71.75081357149584,53.0,71.75081357149584,53.0
9667,1454371200,American Truck Simulator,81.2885413176682,111.0,81.1442706588341,116.0
9683,1414368000,Dungeon of the Endless,77.10704106726116,55.0,78.2757427558528,64.0
9727,1442793600,Soma,82.59507124655389,643.0,81.92253562327694,658.0
9730,1454976000,Firewatch,78.7930313495816,1159.0,79.03540456367969,1177.0
9786,1407110400,The Expendabros,71.04882380768971,70.0,75.52441190384485,71.0
9789,1539734400,RimWorld,84.19492336182499,290.0,79.34746168091249,292.0
9924,1339459200,Sins of a Solar Empire: Rebellion,80.12707388912466,22.0,82.730203611229,25.0
9928,1449446400,Dirt Rally,81.21113256065328,138.0,82.99018166494203,151.0
10148,1487635200,Night in the Woods,81.7268431628174,298.0,85.03008824807537,310.0
10167,1405900800,Data Hacker Initiation,60.0,3.0,60.0,3.0
10195,1394496000,Dragons and Titans,60.0,4.0,52.0,5.0
10233,1508198400,Brawlhalla,65.61656487701734,269.0,70.30828243850867,270.0
10239,1503792000,Ark: Survival Evolved,67.8128268332559,245.0,68.34391341662794,253.0
10345,1395878400,Galactic Civilizations III,70.67153215156341,18.0,74.0857660757817,20.0
10760,1560816000,Bloodstained: Ritual of the Night,82.688592234862,202.0,82.57156884470373,213.0
10929,1411344000,Stronghold Crusader II,63.90753850996605,30.0,63.95376925498302,31.0
11177,1513036800,Gang Beasts,72.93515021646651,148.0,68.76757510823325,153.0
11182,1459814400,Enter the Gungeon,76.82487200512367,326.0,79.64320523333106,339.0
11198,1436140800,Rocket League,81.71235753025846,1177.0,85.20911994159982,1194.0
11247,1399939200,Duck Game,85.4063549442492,103.0,84.3281774721246,107.0
11260,1421884800,Armello,70.15662704436765,46.0,71.74498018885049,52.0
11291,1414972800,Depth,61.05720852090954,25.0,61.05720852090954,25.0
11346,1435104000,Her Story,77.76251817342933,275.0,81.38125908671466,281.0
11364,1504137600,"Warhammer 40,000: Inquisitor - Martyr",63.33489731493454,17.0,62.66744865746728,21.0
11426,1250294400,100% Orange Juice,75.58368953723877,46.0,75.58368953723877,46.0
11550,1495065600,Endless Space 2,82.23601115585224,54.0,81.1894341493547,61.0
11577,1440633600,Satellite Reign,82.08078320808409,15.0,81.87372493737539,18.0
11584,1427932800,Running With Rifles,71.59494998565462,14.0,71.59494998565462,14.0
11602,1507075200,Road Redemption,69.78120517997945,27.0,71.64060258998973,29.0
11642,1376265600,Geometry Dash,74.43928079603597,234.0,74.43928079603597,234.0
11664,1398384000,ArcheBlade,68.73023039342668,6.0,68.73023039342668,6.0
11707,1439337600,Hacknet,77.97927873050965,38.0,82.98963936525482,39.0
11708,1390953600,Hero Siege,73.49316097860564,45.0,76.74658048930283,46.0
11737,1559001600,Outer Wilds,89.67880868512762,800.0,87.19654719970666,807.0
11800,1505347200,Divinity: Original Sin II,87.40493045136671,431.0,89.3563113795295,444.0
11813,1440374400,Universe Sandbox,81.6069748270896,31.0,81.6069748270896,31.0
12301,1439856000,Relic Hunters Zero,70.0,2.0,70.0,2.0
12517,1442275200,Undertale,86.02222340089725,1829.0,91.20341939275632,1842.0
12815,1460419200,Stories: The Path of Destinies,69.3548522814165,89.0,70.05242614070825,97.0
13180,1259020800,Serious Sam HD: The First Encounter,75.23312024737893,94.0,74.61656012368947,96.0
13192,1627516800,Paint the Town Red,68.84460955332911,27.0,69.42230477666456,29.0
13205,1549411200,Astroneer,74.34604628777595,123.0,77.54802314388797,127.0
13226,1437004800,Keep Talking and Nobody Explodes,85.00532754096503,114.0,84.66933043714917,119.0
13664,1445385600,Distraint,75.06503339974196,48.0,70.03251669987098,50.0
13686,1445385600,Kingdom: Classic,68.39421538726076,86.0,69.19710769363039,88.0
14147,1443484800,Jotun: Valhalla Edition,74.83279459986356,43.0,79.91639729993179,47.0
14177,1445904000,Divinity: Original Sin - Enhanced Edition,85.12302660767931,138.0,87.63294187526822,145.0
14390,1493078400,Outlast II,70.2374631183536,230.0,74.05990802976504,247.0
14593,1487894400,Hollow Knight,92.00297698294435,2079.0,91.62648849147217,2087.0
14761,1490659200,Rain World,75.50651834029,79.0,68.79871371559955,90.0
14762,1447977600,Emily is Away,67.17412649670094,149.0,67.17412649670094,149.0
14916,1754784000,"Pirates, Vikings, and Knights II",50.70919857919291,11.0,50.70919857919291,11.0
15120,1303430400,The Tiny Bang Story,72.83660925462613,35.0,71.41830462731306,36.0
15311,1422403200,Gear Up,80.0,3.0,80.0,3.0
15325,1402012800,Woodle Tree Adventures,43.18045590919205,16.0,43.18045590919205,16.0
15407,1383177600,No More Room in Hell,40.49256333737002,46.0,40.49256333737002,46.0
15563,1404172800,Clicker Heroes,66.09721367373592,67.0,66.09721367373592,67.0
15746,1450828800,Who's Your Daddy,70.52407640350707,14.0,70.52407640350707,14.0
15773,1204502400,TrackMania Nations Forever,69.87821322277009,62.0,69.87821322277009,62.0
15924,1435795200,Divide By Sheep,63.07503843551417,5.0,71.53751921775708,6.0
15931,1452211200,Punch Club,74.64781300380432,88.0,71.42390650190217,93.0
16287,1501545600,Slime Rancher,74.9730295460778,233.0,76.31984810637223,236.0
16558,1396569600,GunZ 2: The Second Duel,40.50369729438094,10.0,40.50369729438094,10.0
16611,1453248000,Scrap Mechanic,61.48992809260066,30.0,61.48992809260066,30.0
16957,1412640000,Counter-Strike Nexon,30.77283277423129,25.0,30.77283277423129,25.0
16992,1469145600,Human: Fall Flat,68.75288496692914,241.0,70.76105786807996,254.0
17000,1456444800,Stardew Valley,86.19438353566284,1702.0,88.36642253706219,1715.0
17012,1453334400,Move or Die,77.59015237416473,49.0,78.79507618708237,50.0
17026,1467676800,Furi,78.22907737942984,188.0,78.61453868971492,207.0
17032,1502928000,Darkwood,82.66547039100688,78.0,81.20773519550343,86.0
17112,1494201600,Creativerse,65.12177165125885,19.0,72.56088582562943,20.0
17224,1401667200,Deponia: The Complete Journey,82.59060229050809,38.0,82.59060229050809,38.0
17252,1507161600,The Culling,34.92050534877848,7.0,34.92050534877848,7.0
17432,1524787200,Call to Arms,53.89854507787777,5.0,53.89854507787777,5.0
17772,1407024000,Ax:El - Air XenoDawn,50.0,2.0,50.0,2.0
17832,1461196800,Don't Starve Together,76.40763208814946,252.0,76.40763208814946,252.0
17904,1551916800,ShellShock Live,68.74270527958242,36.0,68.74270527958242,36.0
18009,1454457600,Fortified,67.499988381027,8.0,68.24999419051349,18.0
18074,1079222400,OpenTTD,86.79031537395224,36.0,86.79031537395224,36.0
18088,1544572800,Insurgency: Sandstorm,74.07302821528532,45.0,75.70318077430932,51.0
18090,1248220800,Shakes and Fidget,79.09010110496244,42.0,79.09010110496244,42.0
18148,1581552000,Wolcen: Lords of Mayhem,51.98768624803379,34.0,54.99384312401689,35.0
18158,1457049600,Ultimate Chicken Horse,78.23186330016425,113.0,78.81593165008212,118.0
18166,1496102400,Rising Storm 2: Vietnam,70.19407041929841,37.0,71.3470352096492,39.0
18484,1474934400,Clustertruck,68.53308600511886,91.0,71.31654300255943,101.0
18727,1478563200,Transport Fever,89.43919960721175,23.0,88.46959980360587,25.0
18918,1520380800,Northgard,71.54726491496143,108.0,76.27363245748072,112.0
18984,1459814400,"Hot Dogs, Horseshoes & Hand Grenades",70.43142256757427,10.0,70.43142256757427,10.0
18997,1462406400,Kathy Rain,78.79216658823906,55.0,79.89608329411953,58.0
19085,1480982400,Shadow Tactics: Blades of the Shogun,82.5655784053655,178.0,84.4494558693494,190.0
19249,1596585600,Empyrion: Galactic Survival,65.71630235908482,24.0,65.71630235908482,24.0
19438,1464825600,Turmoil,69.62629671720461,54.0,69.62629671720461,54.0
19542,1564444800,Oxygen Not Included,78.31790231276281,129.0,78.31790231276281,129.0
19549,1490227200,Day of Infamy,70.97236911134668,14.0,75.31951788900668,17.0
19698,1500249600,Albion Online,77.62948411296144,127.0,82.56474205648072,131.0
19817,1665705600,Scorn,74.68066127725409,145.0,69.00699730529371,148.0
20150,1555545600,Katana Zero,79.71819459205281,326.0,82.2340972960264,334.0
20331,1524096000,For the King,69.22981650871722,79.0,72.61490825435861,82.0
21453,1736294400,My Summer Car,70.20888323592209,52.0,70.20888323592209,52.0
21623,1470096000,Tricky Towers,75.28914240098779,74.0,71.43028548620818,81.0
21642,1617235200,Totally Accurate Battle Simulator,72.83945976865272,110.0,72.83945976865272,110.0
21646,1490659200,Rivals of Aether,73.01551796090286,40.0,73.01551796090286,40.0
22704,1477526400,Orwell: Keeping an Eye on You,69.49649341372287,134.0,77.6649133735281,140.0
22917,1544659200,Gris,80.88358717407944,530.0,81.06679358703971,542.0
23248,1524528000,Frostpunk,84.73857969775237,400.0,85.48040095998729,409.0
23275,1562803200,Streets of Rogue,65.27245822577422,44.0,74.63622911288711,45.0
23400,1355270400,Ace of Spades: Battle Builder,75.08125564445211,19.0,75.08125564445211,19.0
23582,1472601600,Lost Castle,57.23496369574355,14.0,63.61748184787177,15.0
24412,1458000000,ARK: Survival of the Fittest,14.83111863944582,13.0,14.83111863944582,13.0
24515,1488499200,Deceit,50.49257605940448,41.0,50.49257605940448,41.0
24539,1458777600,The Descendant,70.03610433344137,6.0,73.14305216672068,10.0
24881,1470700800,Kingdom: New Lands,75.8517238941977,85.0,75.42586194709885,87.0
24905,1478649600,Beholder,74.7088460378592,118.0,77.3544230189296,121.0
25252,1475539200,Crush Crush,69.77041190974188,25.0,64.88520595487094,26.0
25260,1544400000,Dusk,82.63537032275713,100.0,86.06768516137856,104.0
25580,1555545600,Forager,74.89585081418959,89.0,72.6979254070948,93.0
25632,1480982400,SuperHot VR,82.64733133006922,89.0,82.15699899836795,95.0
25647,1366070400,Orion: Prelude,62.27536298948121,17.0,62.27536298948121,17.0
25871,1479427200,Glass Masquerade,71.55462448145168,20.0,70.77731224072585,22.0
25901,1560988800,My Friend Pedro,74.6726488558715,185.0,74.05854665015798,194.0
25964,1479340800,Icey,75.19346524438707,25.0,76.02530405076496,32.0
26226,1516838400,Celeste,86.83669012990228,1391.0,89.06834506495113,1401.0
26472,1571097600,Disco Elysium,92.93073037482897,1091.0,91.02786518741448,1099.0
26481,1495065600,Ravenfield,70.66043917204148,16.0,70.66043917204148,16.0
26580,1481673600,Sally Face,81.18766327090898,54.0,81.18766327090898,54.0
26651,1500508800,Kingdoms and Castles,69.94844860013855,21.0,68.47422430006927,22.0
26673,1608854400,Omori,90.30540688601052,174.0,86.40270344300527,176.0
26855,1533513600,Dead Cells,82.84193255382345,609.0,86.4626329435784,621.0
27011,1600992000,Serious Sam 4,64.03180989332733,53.0,68.23812716888588,62.0
27082,1655683200,Raft,76.18522465228479,154.0,78.09261232614239,155.0
27091,1664323200,Foxhole,70.19256575810938,17.0,70.19256575810938,17.0
27134,1589328000,Deep Rock Galactic,80.280666396443,242.0,81.05699986488816,248.0
27310,1486080000,We Were Here,67.18242388343103,143.0,67.18242388343103,143.0
27344,1678665600,Barotrauma,73.57558336317055,46.0,73.57558336317055,46.0
27384,1534291200,Graveyard Keeper,77.23711824677027,91.0,76.11855912338513,92.0
27436,1544486400,Kingdom Two Crowns,82.96473482074568,65.0,82.96473482074568,65.0
27577,1485820800,Line of Sight,50.0,0.0,50.0,0.0
27689,1487894400,Brain / Out,60.0,4.0,60.0,4.0
27729,1556496000,Mordhau,74.87311213526466,60.0,78.56155606763232,64.0
27741,1578960000,Darwin Project,66.49997259113691,25.0,66.49997259113691,25.0
27744,1526515200,House Flipper,69.06224601112457,94.0,65.28112300556228,98.0
27771,1527552000,Moonlighter,70.6820678845858,141.0,76.30531965657862,155.0
27789,1513728000,PUBG: Battlegrounds,71.8827187383187,590.0,73.47260936915936,606.0
27792,1548720000,PC Building Simulator,74.04915242701773,76.0,69.52457621350887,78.0
28512,1597104000,Risk of Rain 2,83.40925708850514,245.0,85.37129521091924,251.0
28649,1580947200,Stoneshard,76.75402226284498,21.0,76.75402226284498,21.0
28733,1451606400,Iron Snout,48.62727680605092,18.0,48.62727680605092,18.0
29648,1486512000,Minimalism,46.04192133267716,6.0,46.04192133267716,6.0
30002,1523232000,Lobotomy Corporation,78.3935420285118,22.0,78.3935420285118,22.0
30225,1544054400,Kenshi,83.37243522224503,73.0,83.68621761112252,74.0
30537,1479772800,Infestation: The New Z,59.27620425383658,20.0,59.27620425383658,20.0
31628,1472169600,Warriors of Vilvatikta,50.0,0.0,50.0,0.0
31712,1750118400,Scum,69.37089379255276,39.0,69.37089379255276,39.0
31834,1486339200,Evolvation,,,,
32400,1466035200,Freebie,60.0,3.0,60.0,3.0
33027,1559952000,Pico Park,74.63988474370673,42.0,74.63988474370673,42.0
33386,1458691200,Bacteria,50.0,1.0,50.0,1.0
33501,1374105600,Bloons TD Battles,77.7661524255535,27.0,77.7661524255535,27.0
33608,1456790400,Party Jousting,60.0,3.0,60.0,3.0
34067,1481846400,Street Warriors Online,50.0,1.0,50.0,1.0
34074,1447027200,Turbo Pug,80.0,1.0,80.0,1.0
34269,1492560000,Forts,50.70625098769061,11.0,50.70625098769061,11.0
34476,1450828800,Heaven Island - VR MMO,50.0,0.0,50.0,0.0
34549,1475712000,Business Tour,53.4159917342934,15.0,53.4159917342934,15.0
34786,1433894400,Mitos.is: The Game,59.80235889382634,8.0,59.80235889382634,8.0
34950,1438128000,Sakura Clicker,65.78804040042941,14.0,65.78804040042941,14.0
35577,1414108800,Spooky's Jump Scare Mansion,69.1990881332136,33.0,69.1990881332136,33.0
35770,1443052800,Aftermath,50.0,2.0,50.0,2.0
35823,1468972800,BrainBread 2,70.0,2.0,70.0,2.0
36616,1560816000,They Are Billions,73.30058955870477,60.0,74.50743763649524,67.0
36649,1553817600,Tropico 6,74.87769344054274,52.0,75.68884672027137,60.0
36721,1485216000,Realm Grinder,77.42591545773098,24.0,77.42591545773098,24.0
38045,1500508800,Dream Daddy: A Dad Dating Simulator,66.00473928506099,21.0,68.6273696425305,25.0
40477,1548201600,Slay the Spire,84.69476797673917,497.0,88.68071732170293,503.0
40870,1477008000,Secret in Story,,,,
43178,1525046400,Idle Champions of the Forgotten Realms,78.79166089103916,16.0,78.79166089103916,16.0
50531,1686787200,BattleBit Remastered,70.2210726939074,45.0,70.2210726939074,45.0
51548,1531353600,Islands of Nyne: Battle Royale,60.0,1.0,60.0,1.0
52006,1602720000,Noita,79.69352171990778,92.0,80.09676085995389,94.0
54572,1543363200,Artifact,65.44701602177278,27.0,73.97350801088639,33.0
55189,1520467200,Warhammer: Vermintide 2,76.281795606933,144.0,78.69645335902206,153.0
55803,1505865600,Tricolour Lovestory,80.0,3.0,80.0,3.0
55935,1506038400,Doki Doki Literature Club!,81.87503213670858,511.0,88.18751606835428,513.0
61616,1541721600,Thief Simulator,61.94136089480894,39.0,61.94136089480894,39.0
61859,1538006400,Dark Deception,61.95401380489042,12.0,61.95401380489042,12.0
65832,1506556800,Stick Fight: The Game,72.6858032594122,118.0,72.6858032594122,118.0
70385,1514419200,SCP: Secret Laboratory,72.98002422859274,49.0,72.98002422859274,49.0
72373,1512518400,Getting Over It with Bennett Foddy,80.10464760020037,136.0,80.10464760020037,136.0
72813,1568937600,Untitled Goose Game,79.26499585695746,255.0,80.74360903958984,264.0
74904,1560988800,Amid Evil,84.85817464016523,44.0,86.76242065341594,47.0
75140,1586908800,Kards: The WWII Card Game,76.17005550805922,13.0,76.17005550805922,13.0
75219,1527811200,The Pillage,,,,
75239,1600128000,Spelunky 2,80.87720366584024,56.0,83.93860183292011,66.0
76725,1512345600,Freddy Fazbear's Pizzeria Simulator,79.52959410486316,51.0,79.52959410486316,51.0
76749,1513555200,Real Pool 3D - Poolians,,,,
81141,1533772800,Squad 44,84.95271939715647,12.0,72.47635969857824,13.0
83731,1525132800,Beat Saber,84.94233439288352,176.0,84.97116719644177,180.0
84313,1534204800,Ground Branch,79.85629174810045,5.0,79.85629174810045,5.0
85526,1524700800,Murderous Pursuits,59.50694655175031,5.0,54.25347327587515,6.0
86316,1529020800,Muse Dash,74.02044408362914,76.0,70.3435553751479,79.0
86345,1511395200,Reflex,50.0,0.0,50.0,0.0
86430,1538092800,Chinese Parents,68.31271616202338,6.0,68.31271616202338,6.0
86737,1539216000,Farm Together,69.99265170382303,12.0,74.99632585191151,14.0
87776,1563148800,Dead Frontier 2,12.02551544432644,12.0,12.02551544432644,12.0
90055,1595462400,Carrion,75.76590031288166,176.0,75.16072793421861,185.0
90558,1725926400,Satisfactory,72.51099009211705,197.0,83.75549504605853,199.0
95118,1708473600,Last Epoch,69.68692677487846,83.0,73.17679672077256,86.0
96239,1523318400,Radical Heights,80.0,4.0,80.0,4.0
102163,1551398400,Dawn of Man,71.52776333166986,40.0,70.76388166583493,41.0
102868,1670457600,World War 3,34.23639375790282,17.0,34.23639375790282,17.0
103222,1528156800,Totally Accurate Battlegrounds,60.31815514205539,31.0,60.31815514205539,31.0
103314,1594252800,The Wind Road,,,,
103380,1528934400,Bloons TD 6,76.67417398071746,150.0,76.67417398071746,150.0
103616,1537488000,The Scroll of Taiwu,70.0,1.0,70.0,1.0
103629,1530057600,Ultimate Custom Night,70.01395091749117,39.0,70.01395091749117,39.0
104967,1612224000,Valheim,84.19249809741248,273.0,87.09624904870624,274.0
105322,1537401600,Pummel Party,68.88165677101223,66.0,68.88165677101223,66.0
107315,1620864000,Subnautica: Below Zero,75.3543323428286,130.0,80.27716617141431,135.0
109148,1553817600,Unheard,70.36065918177084,19.0,67.68032959088542,20.0
109323,1545264000,Invaxion,50.0,1.0,50.0,1.0
109733,1538265600,LoveChoice,75.62854096008738,6.0,75.62854096008738,6.0
109826,1622505600,Super Animal Royale,65.79926095189823,37.0,65.79926095189823,37.0
110077,1556150400,Blockpost,,,,
110248,1658188800,Stray,81.85742816268088,671.0,83.42871408134044,679.0
110846,1570406400,Trine 4: The Nightmare Prince,73.96502551509843,77.0,75.98251275754922,85.0
111033,1558569600,Project Winter,60.80711050451959,19.0,65.40355525225979,20.0
111469,1529020800,Among Us,72.19842355076923,555.0,76.97421177538462,559.0
111474,1554336000,Blade & Sorcery,79.02627821402865,18.0,79.02627821402865,18.0
113112,1600300800,Hades,89.40942170845122,1613.0,91.46941673657855,1630.0
113175,1545177600,Skater XL,71.11973718904379,14.0,71.8098685945219,16.0
113739,1636588800,Bright Memory: Infinite,62.95585694131955,43.0,64.97792847065978,48.0
114392,1412380800,A Dance of Fire and Ice,71.82558032441844,28.0,71.82558032441844,28.0
114422,1616716800,Last Oasis,60.0,3.0,60.0,3.0
114455,1550793600,Pacify,65.066189332617,73.0,65.066189332617,73.0
114684,1558483200,Splitgate,71.53217410912228,66.0,68.26608705456114,67.0
115201,1567987200,Unrailed!,71.60060264708683,35.0,71.60060264708683,35.0
115789,1575936000,Boneworks,60.87651144683292,22.0,60.87651144683292,22.0
116499,1570492800,War Selection,63.58639361551418,10.0,63.58639361551418,10.0
119304,1597708800,Spiritfarer,85.24764464093606,131.0,86.55239374903945,138.0
120322,1745366400,Dinkum,82.74766830910046,19.0,82.74766830910046,19.0
120560,1564012800,60 Seconds! Reatomized,74.12540052780763,34.0,74.12540052780763,34.0
120649,1603152000,Scribble It!,,,,
120697,1738195200,CyberCorp,,,,
120710,1596758400,The Henry Stickmin Collection,90.7169590425697,74.0,90.7169590425697,74.0
121087,1698969600,Ranch Simulator,50.17753624417488,9.0,50.17753624417488,9.0
121346,1449100800,Risk: Global Domination,66.60524535279106,40.0,66.60524535279106,40.0
121731,1629158400,Humankind,78.70700389222941,40.0,78.9535019461147,45.0
121760,1612915200,Little Nightmares II,82.64625914363288,310.0,82.43851418720105,323.0
121762,1680739200,Everspace 2,63.38991931586308,16.0,74.99495965793153,21.0
121998,1632355200,Medieval Dynasty,69.16019688430927,40.0,71.58009844215464,41.0
122133,1643068800,Not for Broadcast,81.77149907402259,27.0,83.38574953701129,28.0
122589,1569369600,The Long Drive,53.63687296108009,14.0,53.63687296108009,14.0
122646,1563840000,People Playground,72.6753806712288,36.0,72.6753806712288,36.0
122666,1650499200,Teardown,79.70106183901243,50.0,81.51719758617287,53.0
123689,1643155200,Bloody Spell,50.4283345166089,5.0,50.4283345166089,5.0
123783,1588896000,Hydroneer,61.71428571428572,7.0,61.71428571428572,7.0
124448,1593907200,Craftopia,69.50114222933693,13.0,69.50114222933693,13.0
126489,1538438400,WorldBox,66.6043418527654,54.0,66.6043418527654,54.0
127842,1611100800,Skul: The Hero Slayer,67.09271178148472,33.0,74.04635589074236,36.0
128004,1578009600,Sands of Salzaar,,,,
130203,1583452800,Polygon,60.0,1.0,60.0,1.0
130788,1760572800,Necesse,78.39170321394519,15.0,78.39170321394519,15.0
132058,1651104000,Rogue Legacy 2,76.0498134827404,47.0,83.2749067413702,53.0
132516,1600387200,Phasmophobia,68.50604994766962,215.0,68.50604994766962,215.0
133152,1589155200,Helltaker,74.01110857526912,171.0,74.01110857526912,171.0
133307,1627516800,The Ascent,72.09313089984445,83.0,71.65767656103334,92.0
133344,1758153600,Wobbly Life,76.89655172413792,7.0,71.44827586206895,8.0
134483,1637107200,Gunfire Reborn,73.97046310706342,42.0,73.97046310706342,42.0
134799,1651104000,Dorfromantik,78.66797513981447,58.0,79.33398756990724,59.0
135789,1593475200,Townscaper,63.47107093715121,68.0,71.7355354685756,69.0
135818,1674691200,Pizza Tower,84.69158970609777,72.0,87.34579485304889,73.0
135842,1689811200,Eternal Return,76.53090583971458,39.0,76.53090583971458,39.0
136770,1597622400,DDraceNetwork,91.30434782608695,18.0,91.30434782608695,18.0
137280,1676419200,Operation: Harsh Doorstop,,,,
137989,1695168000,Party Animals,85.30842217494228,47.0,67.65421108747114,48.0
138933,1639612800,Five Nights at Freddy's: Security Breach,58.36122961894795,29.0,58.36122961894795,29.0
139078,1611187200,Dyson Sphere Program,83.09565436872836,39.0,83.09565436872836,39.0
139708,1611792000,Devour,70.70672949014757,50.0,70.70672949014757,50.0
141365,1619049600,Dread Hunger,70.26301551040038,5.0,70.26301551040038,5.0
141533,1614816000,Loop Hero,75.8217615210228,150.0,80.33945218908283,157.0
141536,1638403200,Century: Age of Ashes,65.13018018622466,11.0,70.23175675977899,14.0
142941,1670889600,Potion Craft,71.36998702285128,51.0,70.68499351142563,52.0
143440,1602201600,IdleOn,67.0277830983262,14.0,67.0277830983262,14.0
145341,1617235200,Rounds,68.08507658465844,15.0,68.08507658465844,15.0
145439,1634601600,Escape Simulator,86.66408012262818,44.0,93.33204006131409,45.0
147340,1667347200,The Past Within,70.30415625467617,32.0,70.30415625467617,32.0
151665,1705622400,Palworld,72.39599495577212,239.0,72.39599495577212,239.0
152257,1681257600,Wartales,79.20016836018999,36.0,82.850084180095,38.0
152604,1518480000,Car Mechanic Simulator 2021,76.84977326245584,20.0,76.84977326245584,20.0
167432,1642550400,Warm Snow,,,,
176057,1633996800,Poppy Playtime,65.60193480850849,78.0,65.60193480850849,78.0
180339,1103846400,CS2D,55.03419807523623,7.0,55.03419807523623,7.0
185253,1694649600,Dune: Spice Wars,69.9451241843723,22.0,73.47256209218615,24.0
186725,1643673600,Vampire Survivors,81.26248227939634,344.0,86.33124113969816,349.0
188213,1642723200,Mirror 2: Project X,,,,
188228,1542758400,Age of History II,76.33687837657439,17.0,76.33687837657439,17.0
194821,1716940800,Nine Sols,85.58635343436309,75.0,87.29317671718155,78.0
197202,1761177600,Escape the Backrooms,70.1861268304616,35.0,75.0930634152308,36.0
226143,1668816000,Furry Killer,,,,
228456,1670284800,Dwarf Fortress,81.92791034287586,29.0,82.96395517143793,30.0
228525,1758758400,Hades II,89.70410349500256,116.0,91.35205174750128,120.0
241332,1695600000,Demonologist,51.21212121212121,9.0,51.21212121212121,9.0
248643,1706054400,Enshrouded,79.56805743734091,60.0,79.56805743734091,60.0
251833,1708387200,Balatro,85.2354205134901,331.0,88.21771025674505,336.0
263205,1702598400,One-Armed Robber,60.68903756038027,9.0,60.68903756038027,9.0
266676,1694649600,We Were Here Expeditions: The FriendShip,72.93345677650808,32.0,72.93345677650808,32.0
270039,1709164800,Astral Party,,,,
274920,1750291200,Supermarket Simulator,60.89569455207523,79.0,60.89569455207523,79.0
281275,1703721600,Buckshot Roulette,77.74944876331118,139.0,78.8747243816556,140.0
309862,1774915200,TCG Card Shop Simulator,78.35693831696545,22.0,78.35693831696545,22.0
311540,1723161600,Supermarket Together,84.83938405972053,30.0,84.83938405972053,30.0
317695,1738022400,Liar's Bar,69.88051832258604,26.0,69.88051832258604,26.0
319271,1728604800,Webfishing,76.07887519552247,26.0,76.07887519552247,26.0
